"","LOR1","varLOR","studyID","studySample","study_design","outcome","evaluator_independence","implementation_quality","program_site","attrition","group_equivalence","adjusted","male_pct","white_pct","average_age","duration","service_hrs","big_study"
"1",1.41706601978664,0.266507811507641,"2000","1","Randomized","dropout","Delivery","Possible problems","school classroom",0,-0.0774264326474872,"adjusted data",0.25,0.4,15.8,38.7,2,FALSE
"2",0.598656337139023,0.128780164710998,"2002","2","Matched","dropout","Indirect, influential","No apparent problems","school classroom",0.446969696969697,0.408039176662265,"unadjusted data",0.53,0.250661591900366,16.59,19.4,4.6,FALSE
"3",0.0550617988206143,0.0516859412630527,"2004","18","Randomized","dropout","Delivery","Possible problems","school classroom",0.199223803363519,-0.0433616650948077,"adjusted data",1,0.06,14.6,103.2,16.88,FALSE
"4",0.0387213838200291,0.0450962306811302,"2004","19","Randomized","dropout","Delivery","Possible problems","school classroom",0.129162462159435,-0.0433616650948077,"adjusted data",0,0.06,14.6,103.2,16.88,FALSE
"5",1.46633706879343,0.361104616423765,"2007","20","Randomized","enrolled","Indirect, influential","No apparent problems","school, outside of classroom",0.318840579710145,0.155183152993466,"unadjusted data",0.68,0.255419646989111,15.4,38.7,1.5,FALSE
"6",0.606855550693332,0.0200741319023345,"2008","21","Randomized","graduation/ged","Delivery","Clear problems","community",0.16044776119403,0.160929933442196,"unadjusted data",1,0.089,17.6178116841104,30,13.3,TRUE
"7",0.687123651223351,0.03627820922939,"2008","22","Randomized","graduation/ged","Delivery","Clear problems","community",0.161716171617162,1.0829113409172,"unadjusted data",0,0.089,18.2292066146202,30,13.3,TRUE
"8",0.446915379115232,0.0328994390605368,"2008","23","Randomized","graduation/ged","Delivery","Clear problems","community",0.156645569620253,1.08054387019107,"unadjusted data",0,0.089,18.2507058454622,30,13.3,TRUE
"9",0.0763729787845737,0.222779701826722,"2010","27","Randomized","graduation/ged","Delivery","Clear problems","mixed",0.203389830508475,-0.021121302827657,"adjusted data",0.52,0.06,14,258,1.31,TRUE
"10",-0.441832752279039,0.167521481657335,"2010","27","Randomized","graduation","Delivery","Clear problems","mixed",0.203389830508475,-0.0339970952272273,"adjusted data",0.52,0.06,14,258,1.31,TRUE
"11",0.240850772767682,0.185158896019162,"2010","28","Randomized","graduation/ged","Delivery","Clear problems","mixed",0.259493670886076,-0.000413764355696086,"adjusted data",0.52,0.06,14,258,2.9,TRUE
"12",0.24067603007585,0.156979594777365,"2010","28","Randomized","graduation","Delivery","Clear problems","mixed",0.259493670886076,-0.000418106165306595,"adjusted data",0.52,0.06,14,258,2.9,TRUE
"13",0.305381649551182,0.181965329991646,"2010","29","Randomized","graduation/ged","Delivery","Clear problems","mixed",0.24025974025974,-0.00170229468972779,"adjusted data",0.52,0.06,14,258,2.93,TRUE
"14",0.0431473311562531,0.155615064469231,"2010","29","Randomized","graduation","Delivery","Clear problems","mixed",0.24025974025974,-0.00821799770359796,"adjusted data",0.52,0.06,14,258,2.93,TRUE
"15",-0.276344838648617,0.145419488077129,"2010","30","Randomized","graduation/ged","Delivery","Clear problems","mixed",0.301075268817204,-0.0110586590481729,"adjusted data",0.52,0.06,14,258,1.97,TRUE
"16",-0.240288623684127,0.125421476459691,"2010","30","Randomized","graduation","Delivery","Clear problems","mixed",0.301075268817204,-0.0101627748254257,"adjusted data",0.52,0.06,14,258,1.97,TRUE
"17",-0.312927158869692,0.14719517784611,"2010","31","Randomized","graduation/ged","Delivery","Clear problems","mixed",0.281407035175879,-0.00867787475590419,"adjusted data",0.52,0.06,14,258,-3.71674790920507,TRUE
"18",-0.334202088086674,0.117599058095633,"2010","31","Randomized","graduation","Delivery","Clear problems","mixed",0.281407035175879,-0.00923130383118508,"adjusted data",0.52,0.06,14,258,-3.70067402892514,TRUE
"19",0.348306694268216,0.476579520697168,"2010","32","Randomized","graduation/ged","Delivery","Clear problems","mixed",0.378947368421053,0.0345937638865466,"adjusted data",0.52,0.06,14,258,4.69,TRUE
"20",0.233614851181505,0.398366431124107,"2010","32","Randomized","graduation","Delivery","Clear problems","mixed",0.378947368421053,0.0317440301360579,"adjusted data",0.52,0.06,14,258,4.69,TRUE
"21",-0.449916870678998,0.3237320848999,"2010","33","Randomized","graduation/ged","Delivery","Clear problems","mixed",0.19,-0.0107642041033049,"adjusted data",0.52,0.06,14,258,6.63,TRUE
"22",-0.49889489656416,0.207803573970556,"2010","33","Randomized","graduation","Delivery","Clear problems","mixed",0.19,-0.0119811549312006,"adjusted data",0.52,0.06,14,258,6.63,TRUE
"23",-0.655406852577099,0.406221707242115,"2011","34","Matched","dropout","Delivery","Clear problems","school classroom",0,0.291908990120648,"unadjusted data",0.52,0.37,16.046607055676,116.1,35,TRUE
"24",-0.818354155287611,0.40813770321967,"2011","35","Matched","dropout","Delivery","Clear problems","school classroom",0,0.138755703792027,"unadjusted data",0.53,0.39,16.3549216399664,116.1,35,TRUE
"25",1.95975120046718,1.00339826631859,"2011","36","Matched","dropout","Delivery","No apparent problems","school classroom",0,0.471039408797231,"unadjusted data",0.34,0.12,14.2420572051408,116.1,35,TRUE
"26",1.72685658299263,2.3593174974908,"2011","37","Matched","dropout","Delivery","Clear problems","school classroom",0,-0.0215991409550789,"unadjusted data",0.65,1,16.0587850666698,116.1,35,TRUE
"27",-0.655406852577099,0.45698810233694,"2011","38","Matched","dropout","Delivery","Clear problems","school classroom",0,-0.146725213108907,"unadjusted data",0.54,0.74,16.0395823530211,116.1,35,TRUE
"28",2.03178377703964,0.211532693274313,"2011","39","Matched","dropout","Delivery","Clear problems","school classroom",0,0.242730718502502,"unadjusted data",0.52,0.32,16.411680638609,116.1,35,TRUE
"29",-0.864418901167316,0.733104117874589,"2011","40","Matched","dropout","Delivery","Clear problems","school classroom",0,0.0779101102794064,"unadjusted data",0.46,0.32,15.8972156913908,116.1,35,TRUE
"30",0,4.10315925209542,"2011","41","Matched","dropout","Delivery","Clear problems","school classroom",0,0.146563007237901,"unadjusted data",0.45,0.38,16.1251892712559,116.1,35,TRUE
"31",0.678109303195405,0.155931590013953,"2011","42","Matched","dropout","Delivery","Clear problems","school classroom",0,0.192180519585213,"unadjusted data",0.49,0.37,16.1809264189873,116.1,35,TRUE
"32",0.880358722648092,2.35130149620824,"2011","43","Matched","dropout","Delivery","Clear problems","school classroom",0,-0.396503857068554,"unadjusted data",0.75,0.72,15.8727670522686,116.1,35,TRUE
"33",2.2547944291577,2.23925407925408,"2011","44","Matched","dropout","Delivery","No apparent problems","school classroom",0,0.279780110880729,"unadjusted data",0.33,0.08,15.8229869281106,116.1,35,TRUE
"34",1.58504645930994,2.29076305220884,"2011","45","Matched","dropout","Delivery","Clear problems","school classroom",0,0.121259380908477,"unadjusted data",0.55,1,16.0263225634167,116.1,35,TRUE
"35",0.771399377459694,0.636289276177515,"2011","46","Matched","dropout","Delivery","Clear problems","school classroom",0,-0.091613676430705,"unadjusted data",0.53,0.76,16.1493992024063,116.1,35,TRUE
"36",2.5778003966807,1.20641163046545,"2011","47","Matched","dropout","Delivery","No apparent problems","school classroom",0,0.351900210147228,"unadjusted data",0.61,0.36,16.0179554423993,116.1,35,TRUE
"37",2.36071021409953,0.578686688128702,"2011","48","Matched","dropout","Delivery","Clear problems","school classroom",0,-0.0770491883696754,"unadjusted data",0.63,0.27,16.0332436336652,116.1,35,TRUE
"38",-1.04348021797339,0.653550028668454,"2011","49","Matched","dropout","Delivery","Clear problems","school classroom",0,0.388307752187946,"unadjusted data",0.39,0.33,16.0667948540353,116.1,35,TRUE
"39",0.192903666124492,0.98352590533152,"2011","50","Matched","dropout","Delivery","Clear problems","school classroom",0,0.216367102923714,"unadjusted data",0.5,0.37,16.2472995937656,116.1,35,TRUE
"40",0.602996083565648,2.7273910214704,"2011","51","Matched","dropout","Delivery","No apparent problems","school classroom",0,0.327732284849818,"unadjusted data",0.64,0.37,15.8675319657098,116.1,35,TRUE
"41",0,4.04656829565453,"2011","52","Matched","dropout","Delivery","Clear problems","school classroom",0,0.404606750831611,"unadjusted data",0.56,0.26,16.0660004029707,116.1,35,TRUE
"42",-1.87770189902878,2.74147812971342,"2011","53","Matched","dropout","Delivery","Clear problems","school classroom",0,-0.262937420060937,"unadjusted data",0.67,0.68,16.0883655754823,116.1,35,TRUE
"43",0,4.10175240248728,"2011","54","Matched","dropout","Delivery","Clear problems","school classroom",0,0.572069269071639,"unadjusted data",0.52,1,16.1913918866744,116.1,35,TRUE
"44",-0.927464032472279,2.71580524344569,"2011","55","Matched","dropout","Delivery","No apparent problems","school classroom",0,0.123613933788704,"unadjusted data",0.35,0.05,15.6857480775187,116.1,35,TRUE
"45",0,4.05901766647253,"2011","56","Matched","dropout","Delivery","Clear problems","school classroom",0,0.133741804684732,"unadjusted data",0.48,0.7,15.8343841698392,116.1,35,TRUE
"46",0,4.08302808302808,"2011","57","Matched","dropout","Delivery","Clear problems","school classroom",0,-0.0348191318014118,"unadjusted data",0.63,0.21,15.7022857071246,116.1,35,TRUE
"47",0,0.48889936530386,"2011","58","Matched","dropout","Delivery","Possible problems","school classroom",0,-0.200083920842736,"unadjusted data",0.56,0.19,16.0523605321759,116.1,35,TRUE
"48",1.52418452007537,2.34000654730427,"2011","59","Matched","dropout","Delivery","Possible problems","school classroom",0,-0.200083920842736,"unadjusted data",0.56,0.19,16.0198093224244,116.1,35,TRUE
"49",0,4.04878757078554,"2011","60","Matched","dropout","Delivery","Possible problems","school classroom",0,-0.200083920842736,"unadjusted data",0.56,0.19,16.0523487722348,116.1,35,TRUE
"50",0.49036455189465,0.404040707459691,"2011","61","Matched","dropout","Delivery","Possible problems","school classroom",0,0.203124672152173,"unadjusted data",0.54,0.46,16.0084641615565,116.1,35,TRUE
"51",0.784118958765672,0.500080687386588,"2011","62","Matched","dropout","Delivery","Possible problems","school classroom",0,0.203124672152173,"unadjusted data",0.54,0.46,16.0024488938538,116.1,35,TRUE
"52",0.298044859487327,1.34170358660327,"2011","63","Matched","dropout","Delivery","Possible problems","school classroom",0,0.203124672152173,"unadjusted data",0.54,0.46,16.012787452013,116.1,35,TRUE
"53",0.953488907498914,0.0588806611277325,"2012","64","Non-random, non-matched","graduation","Delivery","Possible problems","school classroom",0.882399524846565,0.0794028988149227,"unadjusted data",0.378226040014645,0.247757417566016,16.5688396057902,156,23.74324714547,FALSE
"54",0.953488907498914,0.0588806611277325,"2012","64","Non-random, non-matched","dropout","Delivery","Possible problems","school classroom",0.882399524846565,0.0794028988149227,"unadjusted data",0.378226040014645,0.247757417566016,16.5688396057902,156,23.74324714547,FALSE
"55",1.91158558930936,3.94000857096792,"2013","65","Matched","dropout","Delivery","Possible problems","school classroom",0.255520504731861,-0.0357983125885654,"unadjusted data",0.44,0.0761848319928791,14.85,155,32.5,FALSE
"56",0.846830600984842,0.729682151784782,"2013","65","Matched","graduation","Delivery","Possible problems","school classroom",0.255520504731861,-0.0357983125885654,"unadjusted data",0.44,0.0790422102448229,14.85,155,32.5,FALSE
"57",-0.175871580928018,0.423642247504575,"2014","66","Matched","graduation","Delivery","Possible problems","school classroom",0.123555457468941,-0.789493533669899,"adjusted data",0.470544718706133,0.158832416592279,17.7817089460766,154.8,35,TRUE
"58",-0.264176771257117,1.16433573789425,"2014","66","Matched","dropout","Delivery","Possible problems","school classroom",0.122845085582689,-0.789493533669899,"adjusted data",0.470500800793438,0.157011401582326,17.7799650656256,154.8,35,TRUE
"59",-0.25888385046095,1.33024361350102,"2014","67","Matched","enrolled","Delivery","Possible problems","school classroom",0.123780484764683,-0.394100295264391,"adjusted data",0.538585564401023,0.171626733203594,17.1229439148186,142.7,35,TRUE
"60",0.723832991263389,1.86657942333279,"2014","68","Matched","graduation","Delivery","Possible problems","school classroom",0.210150933679474,0.302319007752383,"adjusted data",0.422587980447527,0.276519627387387,17.1346117852225,154.8,35,TRUE
"61",0.33689382178766,5.43420325321707,"2014","68","Matched","dropout","Delivery","Possible problems","school classroom",0.207038198101181,0.302319007752383,"adjusted data",0.422395539203698,0.26854023191892,17.1269703810096,154.8,35,TRUE
"62",-0.165277599849561,0.806299285317701,"2014","69","Matched","enrolled","Delivery","Possible problems","school classroom",0.129042946469,-0.0442974743043693,"adjusted data",0.547054817611689,0.213849410888277,16.6889168293281,90.7,35,TRUE
"63",-0.275125076974624,0.235951087262214,"2019","70","Non-random, non-matched","dropout","Delivery","No apparent problems","community",0.0318471337579618,-0.164461514279059,"unadjusted data",0.46,0.14,16.4,0.57,17.9499616645967,FALSE
"64",-0.151611533308582,0.219513255106475,"2020","71","Matched","dropout","Planning","Clear problems","mixed",0,0.1115121857311,"unadjusted data",0.74,0.33,15,232,33.75,FALSE
"65",-2.39322236709898,2.36978322224224,"2020","72","Matched","dropout","Planning","Clear problems","mixed",0,-0.452396880754907,"unadjusted data",0.68,0.32,15,232,33.75,FALSE
"66",-0.538330028022832,0.00363465049906981,"2021","73","Randomized","enrolled","Delivery","Clear problems","community",0.230903052348569,0.0783700687126541,"unadjusted data",0.548,0.26,17.5690405418582,34.4,30.1281926956108,TRUE
"67",0.87796541088425,0.00510795687317391,"2021","73","Randomized","graduation/ged","Delivery","Clear problems","community",0.230903052348569,0.0783700687126541,"unadjusted data",0.548,0.26,17.5541840723856,34.4,30.4615995906365,TRUE
"68",-0.478505274501056,0.0176963294741734,"2021","73","Randomized","graduation","Delivery","Clear problems","community",0.230903052348569,0.0783700687126541,"unadjusted data",0.548,0.26,17.5684130000333,34.4,30.1422759050666,TRUE
"69",-0.408289795279525,0.0098958487639083,"2021","74","Randomized","enrolled","Delivery","Clear problems","community",0.240453890489914,0.0783700687126541,"unadjusted data",0.548,0.26,18.0551462941513,34.4,11.0004706271616,TRUE
"70",0.655969505347167,0.00448064552611587,"2021","74","Randomized","graduation/ged","Delivery","Clear problems","community",0.264901854853232,0.0783700687126541,"unadjusted data",0.548,0.26,18.0440737889038,34.4,11.0619580919752,TRUE
"71",-0.117103225976906,0.639724065341087,"2022","75","Matched","graduation","Delivery","No apparent problems","school classroom",0.0540818150110853,-0.163912236151551,"unadjusted data",0.501,0.007,17.6057346120778,166,30,FALSE
"72",0.606978760713715,0.00224556930943515,"2023","76","Matched","graduation","Delivery","No apparent problems","school, outside of classroom",0.251088709410248,0.000740015808857513,"adjusted data",0.387,0.274,14.8,194.7,0.27,FALSE
"73",0.810930216216329,0.00837920368839595,"2023","77","Matched","graduation","Delivery","No apparent problems","school, outside of classroom",0.259125112501678,-0.00127778593050641,"adjusted data",0.342,0.45,14.6,194.7,0.27,FALSE
"74",2.11330439291626,0.239529666514754,"2024","78","Randomized","dropout","Indirect, influential","No apparent problems","school classroom",0,-0.194439542836836,"unadjusted data",0.3073933976509,0.191776694949577,16.9,19.35,33.75,FALSE
"75",2.39789527279837,0.30238626495311,"2024","79","Randomized","dropout","Indirect, influential","No apparent problems","school classroom",0,-0.277017851787604,"unadjusted data",0.31455089752319,0.192835251554004,16.9,19.35,33.75,FALSE
"76",0.419736378002871,0.343080111167911,"2025","80","Non-random, non-matched","dropout","Indirect, influential","No apparent problems","school classroom",0.0702702702702703,0.054493034019857,"unadjusted data",0.625562357690077,0.142748514314715,14.5639695581824,38.7,35,FALSE
"77",0.823986781518756,0.0836862615811186,"2033","81","Randomized","dropout","Delivery","No apparent problems","community",0.0195434041287824,0.337468642685812,"unadjusted data",0.637458517962668,0.41186498235673,15,194.7,35,FALSE
"78",-1.05977245535184,2.43123055162659,"2033","82","Randomized","dropout","Delivery","No apparent problems","community",0.26063829787234,0.0583891808148506,"unadjusted data",0.43,-0.0790030487537021,14.5,194.7,35,FALSE
"79",0.599491260851647,2.44960866947622,"2085","84","Randomized","dropout","Delivery","Clear problems","school classroom",0,-0.163077307403116,"unadjusted data",0.44,0.03,15.2288782741958,38.7,35,FALSE
"80",0.599491260851647,2.44960866947622,"2085","85","Randomized","dropout","Delivery","Clear problems","school classroom",0,0.0959696448434063,"unadjusted data",0.36,0.06,15.4178642930009,38.7,35,FALSE
"81",-0.587786664902118,0.403703703703704,"2087","86","Matched","dropout","Delivery","Clear problems","school, outside of classroom",0,0.106522666250924,"unadjusted data",0.377862385013743,0.71,16.6480958961743,25.8,21.5645263263842,FALSE
"82",-0.116533816255952,0.0179576460676471,"2090","88","Randomized","graduation","Planning","Clear problems","school classroom",0.198974209667664,1.28945829368883,"adjusted data",0.498,0.684,5.43,38.7,33.75,TRUE
"83",-0.287682072451781,0.0298915181411523,"2090","89","Randomized","graduation","Planning","Clear problems","school classroom",0.199072066432472,1.28328768546653,"adjusted data",0.498,0.684,5.43,38.7,33.75,TRUE
"84",-0.0618754037180875,0.0294170184497601,"2090","90","Randomized","graduation","Planning","Clear problems","school classroom",0.216608768650742,1.25887302134106,"adjusted data",0.498,0.684,5.43,77.4,33.75,TRUE
"85",0.2390169004705,0.0613029001272645,"2090","91","Randomized","graduation","Planning","Clear problems","school classroom",0.217094458940579,1.2636702889342,"adjusted data",0.498,0.684,5.43,77.4,33.75,TRUE
"86",0.512823626428664,0.0428635116325497,"2090","92","Randomized","graduation","Planning","Clear problems","school classroom",0.234633605252587,1.240719954216,"adjusted data",0.498,0.684,5.43,116.1,33.75,TRUE
"87",-0.22314355131421,0.0626132410379548,"2090","93","Randomized","graduation","Planning","Clear problems","school classroom",0.234232688905787,1.22174511371185,"adjusted data",0.498,0.684,5.43,116.1,33.75,TRUE
"88",0.912282710476616,0.0345350348264916,"2090","94","Randomized","graduation","Planning","Clear problems","school classroom",0.251888721030108,1.21921436972154,"adjusted data",0.498,0.684,5.43,154,33.75,TRUE
"89",0.173953307123438,0.0422086012721427,"2090","95","Randomized","graduation","Planning","Clear problems","school classroom",0.251503392935733,1.20002337433048,"adjusted data",0.498,0.684,5.43,154,33.75,TRUE
"90",2.59634621152221,1.11310421286031,"2092","96","Non-random, non-matched","dropout","Delivery","Possible problems","school, outside of classroom",0,0.0416880134605472,"unadjusted data",0.5,0.032,12.2,103.2,4,FALSE
"91",-0.254728114193132,0.0515314424086685,"2095","97","Matched","dropout","Delivery","No apparent problems","school, outside of classroom",0,-0.155431628848105,"unadjusted data",0.3839,0.0875,14,108,0.71,FALSE
"92",1.12080020364347,0.271612008680974,"2099","99","Randomized","enrolled","Indirect, influential","No apparent problems","school, outside of classroom",0,0.013921890067427,"unadjusted data",0.277642885946164,0.337453020402749,14.4765887986022,19.35,14.2982583726376,FALSE
"93",0.210721031315653,0.279841,"2103","100","Randomized","dropout","Indirect, influential","Possible problems","school classroom",0.176470588235294,0.0507885660318818,"adjusted data",0.57,0,13.4777897172763,19.5,2,FALSE
"94",1.51412773262978,0.443556,"2103","101","Randomized","dropout","Indirect, influential","Possible problems","school classroom",0.169811320754717,0.103278612814827,"adjusted data",0.49,0,13.5046769513953,17,2,FALSE
"95",0.773937814236211,1.00423693253009,"2106","102","Non-random, non-matched","enrolled","Delivery","No apparent problems","school classroom",0,0.128090239303882,"adjusted data",0.43,0.03,15.5952912057553,36,35,FALSE
"96",0.0840831172105414,0.154592804657589,"2112","103","Randomized","enrolled","Planning","Clear problems","school classroom",0.0683760683760684,-0.36871835979424,"unadjusted data",0.73,0.0211452602562111,14.8198195178732,6,3,FALSE
"97",1.4707481919584,0.656928881719435,"2116","104","Randomized","enrolled","Planning","No apparent problems","school classroom",0.0967741935483871,-0.439778477012369,"unadjusted data",0.54,0,14.0633134441261,7,2.25,FALSE
"98",2.18480205733766,0.891666666666667,"2118","105","Matched","graduation","Independent","No apparent problems","school classroom",0.0769230769230769,0.592179441316295,"unadjusted data",0.3,1,16,38.7,3.75,FALSE
"99",0.351453821085044,0.00962964417527861,"2127","109","Randomized","enrolled","Delivery","No apparent problems","community",0.453056449254168,-0.0626696681492016,"unadjusted data",1,0.892,17,77.4,1,FALSE
"100",0.0766488972956147,0.00968308817618671,"2127","110","Randomized","enrolled","Delivery","No apparent problems","community",0.425563030125768,-0.0626696681492016,"unadjusted data",0,0.892,17,77.4,1,FALSE
"101",-0.0825860570579094,0.00640230510837213,"2130","111","Randomized","dropout","Delivery","No apparent problems","school classroom",0.155148969479501,-0.234395738422579,"unadjusted data",0.5103,0.1073,17.54368728071,54,35,FALSE
"102",3.61988658262699,1.22420634920635,"2132","112","Randomized","graduation","Independent","No apparent problems","school classroom",0.351351351351351,0.0980925415272444,"unadjusted data",0.6,0.75,16.3358015968576,77.4,15,FALSE
"103",1.39222909663971,0.316763720609875,"2133","113","Non-random, non-matched","dropout","Delivery","Clear problems","school classroom",0.133695283580627,0.598266914118429,"unadjusted data",0.698227047438419,1,14.9059071180806,77.4,33.75,TRUE
"104",0.228841572428847,0.190710678210678,"2133","114","Non-random, non-matched","dropout","Delivery","Clear problems","school classroom",0.0552695359827038,0.598266914118429,"unadjusted data",0.549001794069951,0,14.7492236361159,77.4,33.75,TRUE
"105",1.00330210886378,1.57878787878788,"2133","115","Non-random, non-matched","dropout","Delivery","Clear problems","school classroom",0.125203313915238,0.598266914118429,"unadjusted data",0.497614747313667,0,15.0519547257903,77.4,33.75,TRUE
"106",0.287682072451781,0.412337662337662,"2140","116","Randomized","dropout","Indirect, influential","No apparent problems","school classroom",0,0.17494520531776,"unadjusted data",0.73,0,12.9,116.1,1,TRUE
"107",1.28621090256291,0.613750284802916,"2140","117","Randomized","dropout","Indirect, influential","No apparent problems","school classroom",0,0.31417020160532,"unadjusted data",0.66,0,12.75,116.1,1,TRUE
"108",0.240850772767682,0.240401155811555,"2140","118","Randomized","graduation","Indirect, influential","No apparent problems","school classroom",0.173469387755102,0.162459084643753,"unadjusted data",0.65,0.04,12.67,116.1,1,TRUE
"109",2.82180908645887,2.17893509521959,"2140","118","Randomized","dropout","Indirect, influential","No apparent problems","school classroom",0.0408163265306122,0.162459084643753,"unadjusted data",0.65,0.04,12.67,116.1,1,TRUE
"110",-1.70078769102233,0.485277202668507,"2241","119","Matched","graduation","Planning","No apparent problems","school classroom",0.211764705882353,-0.591812228890427,"unadjusted data",0.37,0.543,17.28,72,35,FALSE
"111",0.551316985120728,0.31991341991342,"2242","120","Randomized","dropout","Delivery","Possible problems","school classroom",0.0192307692307692,0.427423080419969,"unadjusted data",0.69,0.92,15.9795716927749,142.7,17,TRUE
"112",0.0183491386681971,0.385353535353535,"2242","121","Randomized","dropout","Delivery","Clear problems","school classroom",0.0454545454545455,-0.455726908478124,"unadjusted data",0.81,0.52,15.8968818314785,142.7,17,TRUE
"113",0.521875459952575,0.497557997557998,"2242","122","Randomized","dropout","Delivery","Clear problems","school classroom",0.375,0.394796709511036,"unadjusted data",0.85,0.46,16.1440754655945,90.7,26.75,TRUE
"114",0.980829253011726,0.695833333333333,"2242","123","Randomized","dropout","Delivery","Clear problems","school classroom",0.0810810810810811,0.0395513129735431,"unadjusted data",0.56,0,16.5728092753959,142.7,18.5561151463814,TRUE
"115",-1.40917865495348,0.413524384112619,"2242","124","Randomized","dropout","Delivery","Clear problems","school classroom",0.0425531914893617,0.197644186384712,"unadjusted data",0.61,0,16.7579101543782,142.7,14.423919486647,TRUE
"116",-0.81093021621633,0.694444444444445,"2242","125","Randomized","dropout","Delivery","Clear problems","school, outside of classroom",0.166666666666667,0.39693597105708,"unadjusted data",0.62,0,16.1691570379461,142.7,3,TRUE
"117",0.677879708429157,0.701165501165501,"2242","126","Randomized","dropout","Delivery","Clear problems","school classroom",0.0303030303030303,0.584955187894922,"unadjusted data",0.53,0.06,16.6217480894271,142.7,14.8010844888547,TRUE
"118",-0.336472236621213,1.00952380952381,"2242","127","Randomized","dropout","Delivery","Possible problems","school classroom",0.1,0.697622994708925,"unadjusted data",0.58,0.83,16.1867048171053,90.7,17,TRUE
"119",0,0.642857142857143,"2242","128","Randomized","dropout","Delivery","Clear problems","school classroom",0,0.0172496762544149,"unadjusted data",0.72,0.61,15.970709928006,90.7,17,TRUE
"120",-0.470003629245736,0.725,"2242","129","Randomized","dropout","Delivery","Clear problems","school classroom",0.0416666666666667,-0.472475840816635,"unadjusted data",0.55,0,16.5098874293236,90.7,16.6513578462333,TRUE
"121",2.2364452904895,1.17247863247863,"2242","130","Randomized","dropout","Delivery","Clear problems","school classroom",0.185714285714286,0.180661222992496,"unadjusted data",0.87,0.07,16.1838757186444,90.7,16.4640681072719,TRUE
"122",0.492476485097794,1.00757575757576,"2242","131","Randomized","dropout","Delivery","No apparent problems","school, outside of classroom",0.0344827586206897,0.722822264123826,"unadjusted data",0.67,0.07,16.1326040923541,90.7,3,TRUE
"123",0.234193387500795,0.502518315018315,"2242","132","Randomized","dropout","Delivery","Clear problems","school classroom",0,-0.146753513475192,"unadjusted data",0.69,0.13,16.5489301204803,90.7,15.3101598717636,TRUE
"124",1.67877260583516,1.21063147378937,"2249","134","Matched","graduation","Indirect, influential","No apparent problems","community",0.355263157894737,-0.0113450457627805,"unadjusted data",0.661741261571992,-0.0820560718220853,17.19,51.6,-6.78686085140956,FALSE
"125",-1.97633074575603,2.74319263083308,"2252","135","Matched","dropout","Delivery","No apparent problems","school, outside of classroom",0.112676056338028,0.134226096716344,"unadjusted data",0.25,0.55936338583621,14.4,38.7,1.07,TRUE
"126",1.6983853984506,2.48906481939634,"2252","136","Matched","dropout","Delivery","No apparent problems","school, outside of classroom",0,0.330727316985779,"unadjusted data",0.3,0.83,15.3,38.7,1.05,TRUE
"127",2.32238772029023,2.51921568627451,"2252","137","Matched","dropout","Delivery","No apparent problems","school, outside of classroom",0,0.217842258481896,"unadjusted data",0.44,0.84,16.2,38.7,0.52,TRUE
"128",1.02014067322661,2.74521884225388,"2252","138","Matched","dropout","Delivery","No apparent problems","school, outside of classroom",0.0377358490566038,0.100563478610801,"unadjusted data",0.04,0.12,15.6,38.7,1.38,TRUE
"129",0,4.09529211571185,"2252","139","Matched","dropout","Delivery","No apparent problems","school, outside of classroom",0.0465116279069767,0.302799608696022,"unadjusted data",0,0.45,13.6,38.7,1.41,TRUE
"130",0,4.07360321177651,"2252","140","Matched","dropout","Delivery","No apparent problems","school, outside of classroom",0.0526315789473684,0.180196122606582,"unadjusted data",0.5,0.33,14.2,38.7,1.26,TRUE
"131",2.2353763433006,0.749732620320856,"2252","141","Matched","dropout","Delivery","No apparent problems","school classroom",0,0.636482963434582,"unadjusted data",0.21,0.42,15.7,38.7,0.92,TRUE
"132",1.7730673362159,2.48218029350105,"2252","142","Matched","dropout","Delivery","No apparent problems","school classroom",0.0909090909090909,-0.072449111878039,"unadjusted data",0.32,0.46,15.8,38.7,0.77,TRUE
"133",1.12938394733486,0.469065656565657,"2252","143","Matched","dropout","Delivery","No apparent problems","school classroom",0,0.422594169482775,"unadjusted data",0.31,0.58,15.2,38.7,1.62,TRUE
"134",0,4.08176887776387,"2252","144","Matched","dropout","Delivery","No apparent problems","school, outside of classroom",0.0769230769230769,0.0265179065932997,"unadjusted data",0.08,0.84,15.1,38.7,1.01,TRUE
"135",0,4.17825311942959,"2252","145","Matched","dropout","Delivery","No apparent problems","school classroom",0,0.255598639962284,"unadjusted data",0.5,0.5,13.5,38.7,0.66,TRUE
"136",0,4.12512218963832,"2252","146","Matched","dropout","Delivery","No apparent problems","school, outside of classroom",0.03125,0.45450859966423,"unadjusted data",0,0.8,13.9,38.7,1.36,TRUE
"137",-1.80234157855859,2.73027248973498,"2252","147","Matched","dropout","Delivery","No apparent problems","school classroom",0.0138888888888889,-0.0620064182365953,"unadjusted data",0.17,0.79,14.9,38.7,1.81,TRUE
"138",1.60124114522992,2.33711262282691,"2252","148","Matched","dropout","Delivery","No apparent problems","school classroom",0,0.468762949198662,"unadjusted data",0.31,0.31,15.5,38.7,1.22,TRUE
"139",0.356674943938733,1.58571428571429,"2252","149","Matched","dropout","Delivery","No apparent problems","school, outside of classroom",0.0377358490566038,0.566559103668714,"unadjusted data",0.18,0.95,15.4,38.7,1.43,TRUE
"140",0.207639364778245,1.70192307692308,"2252","150","Matched","dropout","Delivery","No apparent problems","school classroom",0,0.0802663192977908,"unadjusted data",0.22,0.78,16.9,38.7,1.88,TRUE
"141",-0.27443684570176,2.09263157894737,"2252","151","Matched","dropout","Delivery","No apparent problems","school, outside of classroom",0.08,-0.0522593058784198,"unadjusted data",0.3,0,15.9,38.7,1.98,TRUE
"142",1.87413046666118,2.50711768851304,"2252","152","Matched","dropout","Delivery","No apparent problems","school, outside of classroom",0.0714285714285714,0.401596844489985,"unadjusted data",0.1,0.14,14.3,38.7,1.17,TRUE
"143",0,4.16,"2252","153","Matched","dropout","Delivery","No apparent problems","school, outside of classroom",0.0769230769230769,0.180863200080225,"unadjusted data",0,0.15,13.5,38.7,1.77,TRUE
"144",-0.757685701697516,1.62916666666667,"2252","154","Matched","dropout","Delivery","No apparent problems","school, outside of classroom",0,0.475349574786866,"unadjusted data",0.24,0,14.4,38.7,2.43,TRUE
"145",2.32409129821501,2.52950971322849,"2252","155","Matched","dropout","Delivery","No apparent problems","school, outside of classroom",0.142857142857143,0.293499489273782,"unadjusted data",0.33,0.58,16.7,38.7,2.54,TRUE
"146",0.0571584138399488,2.11437908496732,"2252","156","Matched","dropout","Delivery","No apparent problems","school, outside of classroom",0.0512820512820513,0.258800036370149,"unadjusted data",0.4,0.1,14,38.7,2.17,TRUE
"147",0.541388274176157,0.286601755654216,"2253","157","Randomized","enrolled","Delivery","Clear problems","mixed",0.368,0.303680668232102,"unadjusted data",0.48,0.13,14.52,208,6.2,TRUE
"148",1.21502264051252,0.372738372738373,"2253","157","Randomized","graduation/ged","Delivery","Clear problems","mixed",0.333333333333333,0.303680668232102,"unadjusted data",0.48,0.13,14.52,208,6.2,TRUE
"149",0.854990206010359,0.106331471698211,"2253","157","Randomized","graduation","Delivery","Clear problems","mixed",0.368,0.303680668232102,"unadjusted data",0.48,0.13,14.52,208,6.2,TRUE
"150",1.20831120592453,0.121491669016366,"2253","157","Randomized","dropout","Delivery","Clear problems","mixed",0.368,0.303680668232102,"unadjusted data",0.48,0.13,14.52,208,6.2,TRUE
"151",0.401995463983051,0.0620150668368048,"2293","158","Randomized","dropout","Delivery","Clear problems","school classroom",0.170516918855278,-0.0602060948149517,"adjusted data",0.5,0.18,16.8,194.7,33.75,FALSE
"152",0.505113833193388,0.112429931771921,"2293","158","Randomized","dropout","Delivery","Clear problems","school classroom",0.170389278725166,-0.0602060948149517,"adjusted data",0.5,0.18,16.8,194.7,33.75,FALSE
"153",-0.887303195000903,0.10178674644461,"2294","159","Randomized","dropout","Delivery","Clear problems","school classroom",0.224288423199739,0.0302868434163221,"adjusted data",0.52,0.45,16.9,194.7,33.75,FALSE
"154",-0.257829109302099,0.106328709574987,"2294","159","Randomized","dropout","Delivery","Clear problems","school classroom",0.223770022923959,0.0302868434163221,"adjusted data",0.52,0.45,16.9,194.7,33.75,FALSE
"155",-0.148973791647725,0.102826325363533,"2295","160","Randomized","dropout","Delivery","No apparent problems","school classroom",0.270069979763513,-0.0313524174928246,"adjusted data",0.46,0.16,17.6,194.7,33.75,FALSE
"156",0.117783035656383,0.502777777777778,"2319","161","Matched","dropout","Delivery","Possible problems","school classroom",0.0555555555555556,-0.195333690747612,"unadjusted data",0.56,0.29,15.9789754207513,142.7,33.75,TRUE
"157",0.29105475693042,0.890663390663391,"2319","162","Matched","dropout","Delivery","No apparent problems","school classroom",0,0.253891073059699,"unadjusted data",0.4,0.29,16.135409281997,90.7,33.75,TRUE
"158",2.99383173449602,2.15467599913311,"2319","163","Matched","dropout","Delivery","Possible problems","school classroom",0,0.202437722369918,"unadjusted data",0.63,0.39,16.1939584477537,142.7,33.75,TRUE
"159",0.559615787935423,0.442857142857143,"2319","164","Matched","dropout","Delivery","No apparent problems","school classroom",0.0421052631578947,0.295614394231652,"unadjusted data",0.48,0.38,16.1587704454752,90.7,33.75,TRUE
"160",0.615185639090233,0.242411642411642,"2320","165","Randomized","dropout","Delivery","Clear problems","school classroom",0.0337078651685393,0.0495362040846189,"unadjusted data",0.78,0.78,15.9460781459805,142.7,5,FALSE
"161",1.64717824041695,0.658974358974359,"2320","166","Randomized","dropout","Delivery","No apparent problems","school classroom",0,-0.324109081667482,"unadjusted data",0.64,0.83,15.7592124223239,90.7,5,FALSE
"162",-0.782759339249633,0.505357142857143,"2321","167","Matched","dropout","Delivery","No apparent problems","community",0.189655172413793,-0.653278055341792,"unadjusted data",0.78,0.09,15.8122554035797,142.7,21.9,FALSE
"163",0.364643113587909,0.423611111111111,"2321","168","Matched","dropout","Delivery","No apparent problems","community",0.0909090909090909,0.417831473558401,"unadjusted data",0.46,0.5,14.5971668650939,90.7,21.9,FALSE
"164",0.997416276686524,0.167071520029267,"2322","169","Randomized","dropout","Delivery","No apparent problems","school classroom",0.0161290322580645,-0.382278975522199,"unadjusted data",0.7,0.05,15.9201388039124,90.7,17,FALSE
"165",1.64570599963342,0.225043085684313,"2322","170","Randomized","dropout","Delivery","No apparent problems","school classroom",0,-0.382278975522199,"unadjusted data",0.7,0.05,15.905554127486,90.7,17,FALSE
"166",0.308036283443554,0.138292628149237,"2400","171","Randomized","dropout","Delivery","No apparent problems","school classroom",0.16,0.268828549652808,"adjusted data",0.36,0.17,14,38.7,1,FALSE
"167",0.9362453464037,0.366848406209395,"2401","172","Randomized","dropout","Delivery","No apparent problems","school classroom",0.125,0.400524733024368,"adjusted data",0.71,0.4,14,38.7,33.75,FALSE
"168",-0.281167391430587,0.0957640287519966,"2402","173","Randomized","dropout","Delivery","Possible problems","school classroom",0.290969899665552,0.348989292055875,"adjusted data",0.44,0.1,18,38.7,15,FALSE
"169",-0.931558204004943,0.429200429200429,"2403","174","Randomized","dropout","Delivery","No apparent problems","school classroom",0.102803738317757,-0.25061498254005,"adjusted data",0.51,0.03,15,77.4,11.65,FALSE
"170",0.541388274176157,0.202593435021339,"2404","175","Randomized","dropout","Delivery","No apparent problems","school, outside of classroom",0.109756097560976,-0.11509029920943,"adjusted data",0.45,0.15,14,38.7,1.5,FALSE
"171",1.89047142609489,1.05597242416198,"2405","176","Randomized","dropout","Delivery","No apparent problems","school classroom",0.173913043478261,0.0769747677708515,"adjusted data",0.59,0.33,13,77.4,33.75,FALSE
"172",0.4192584302405,0.125868157804262,"2406","177","Randomized","dropout","Delivery","No apparent problems","school classroom",0.25,0.0576030848184671,"adjusted data",0.51,0.62,16,77.4,27.5,FALSE
"173",0,0.582641371621881,"2407","178","Randomized","dropout","Delivery","No apparent problems","school, outside of classroom",0.265151515151515,0.289978831065108,"adjusted data",0.5,0.06,13,38.7,3.67,FALSE
"174",2.34886584555805,2.4932693854514,"2408","179","Randomized","dropout","Delivery","No apparent problems","school classroom",0.201086956521739,-0.0868973760583398,"adjusted data",0.52,0.03,11,38.7,33.75,FALSE
"175",-0.436153922910701,0.147637068786725,"2409","180","Randomized","dropout","Delivery","No apparent problems","school classroom",0.0551181102362205,-0.122817782403519,"adjusted data",0.61,0.11,17,38.7,33.75,FALSE
"176",0.284590879882108,0.101554073719814,"2410","181","Randomized","dropout","Delivery","No apparent problems","school classroom",0.151862464183381,0.347121163663277,"adjusted data",0.46,0.01,13,77.4,33.75,FALSE
"177",-0.160665360848452,0.319743096853941,"2411","182","Randomized","dropout","Delivery","No apparent problems","community",0.310344827586207,-0.0660683671063056,"adjusted data",0.58,0.21,17,77.4,33.75,FALSE
"178",0.334202088086674,0.163019150535721,"2412","183","Randomized","dropout","Delivery","No apparent problems","school, outside of classroom",0.179856115107914,0.0629712710079282,"adjusted data",0.56,0.39,13,38.7,5,FALSE
"179",0.310571074793407,0.0853523708594725,"2413","184","Randomized","dropout","Delivery","No apparent problems","community",0.326086956521739,-0.0661844545125476,"adjusted data",0.53,0.19,18,77.4,33.75,FALSE
"180",0.2578291093021,0.147370063268918,"2414","185","Randomized","dropout","Delivery","No apparent problems","community",0.303571428571429,0.0296727690868613,"adjusted data",0.49,0.04,18,38.7,20,FALSE
"181",0.352807082068449,0.0902250516438535,"2415","186","Randomized","dropout","Delivery","No apparent problems","school classroom",0.151639344262295,0.32137878966994,"adjusted data",0.66,0.73,17,9,15,FALSE
"182",-1.12922692448772,2.68707961222347,"2450","187","Matched","dropout","Delivery","Possible problems","school, outside of classroom",0,0.240840906517296,"unadjusted data",0.474,0.732,10.999703808067,38,-4.84247769082275,FALSE
"183",-1.08840811849387,2.68707536118704,"2450","188","Matched","dropout","Delivery","Possible problems","school, outside of classroom",0.0344827586206897,0.319934470774626,"unadjusted data",0.47,0.71,11.0438912748267,38,-5.859040119777,FALSE
"184",-0.413187154202074,1.52701252236136,"2451","189","Non-random, non-matched","dropout","Delivery","No apparent problems","school, outside of classroom",0.0314465408805031,0.94948569191139,"adjusted data",0.489,0.205,11.2465460027577,15,5,FALSE
"185",0,4.02247261938579,"2452","190","Non-random, non-matched","dropout","Delivery","No apparent problems","school, outside of classroom",0.136585365853659,0.573439627180232,"unadjusted data",0.484,0.275,11.5435312303845,15,5,FALSE
"186",0.664709245239412,1.51896117900791,"2453","191","Randomized","dropout","Delivery","No apparent problems","school classroom",0.0272727272727273,0.21654538851668,"unadjusted data",0.57,0.189,12.1036359068927,38.7,30,FALSE
"187",0.426518517305997,0.437721631205674,"2454","192","Randomized","dropout","Delivery","Possible problems","school classroom",0,0.230461716949099,"unadjusted data",0.61,0.25,15.686638563828,38.7,7.5,FALSE
"188",1.96165850602345,0.417438271604938,"2455","193","Non-random, non-matched","dropout","Delivery","No apparent problems","mixed",0.00478468899521531,0.852440145441953,"unadjusted data",0.622,0.712,15.8800387544277,22,10,FALSE
"189",0.495616205102462,0.363695510735199,"2456","194","Non-random, non-matched","dropout","Delivery","Possible problems","school, outside of classroom",0.131428571428571,0.631615012783522,"unadjusted data",0.412,0,15.4233332433535,17,6,FALSE
"190",0.445671528586205,0.13860047997979,"2458","195","Matched","dropout","Delivery","Possible problems","school classroom",0.00495049504950495,0.141754048345301,"unadjusted data",0.578,0.559,16.9984820402885,30,35,FALSE
"191",-0.407931200603358,0.19526850331448,"2459","196","Non-random, non-matched","dropout","Delivery","Possible problems","school classroom",0,0.25285467059428,"unadjusted data",0.726,0.8,17.1218991174933,23,35,FALSE
"192",-1.16179119028964,0.687740313516711,"2460","197","Non-random, non-matched","dropout","Delivery","Clear problems","school, outside of classroom",0.01,-0.337763044999166,"unadjusted data",0.57,0.02,17.4313207016219,30,10,FALSE
"193",-2.2691371589265,0.594110275689223,"2461","198","Non-random, non-matched","dropout","Delivery","Clear problems","school classroom",0.0751173708920188,-0.89316266480043,"unadjusted data",0.515,0.071,15.8213320214932,38.7,20,FALSE
"194",-1.13707856949591,0.721198668146504,"2461","198","Non-random, non-matched","dropout","Delivery","Clear problems","school classroom",0.0704225352112676,-0.89316266480043,"unadjusted data",0.515,0.071,15.8630040375375,38.7,20,FALSE
"195",2.02174232419251,0.604287187124119,"2569","199","Randomized","dropout","Indirect, influential","No apparent problems","school, outside of classroom",0,0.0756405183791234,"unadjusted data",1,0.423651038605221,16.6868571491553,9,0.44,FALSE
"196",0.955005244054846,0.725816122584943,"2569","200","Randomized","dropout","Indirect, influential","No apparent problems","school, outside of classroom",0,0.0756405183791234,"unadjusted data",0,0.251652172055424,16.7655414365397,9,0.44,FALSE
"197",1.88273124743378,0.206909937888199,"2570","201","Non-random, non-matched","graduation","Delivery","No apparent problems","school classroom",0,0.335796756029846,"unadjusted data",1,0,13.6892689347576,144,5,TRUE
"198",3.10151375322561,0.299033094098884,"2570","202","Non-random, non-matched","graduation","Delivery","No apparent problems","school classroom",0,0.335796756029846,"unadjusted data",0,0,14.1414063379869,144,5,TRUE
"199",2.33408376005342,0.218294573643411,"2570","203","Non-random, non-matched","graduation","Delivery","No apparent problems","school classroom",0,0.335796756029846,"unadjusted data",1,0,13.3368439883425,144,5,TRUE
"200",1.67397643357167,0.197916666666667,"2570","204","Non-random, non-matched","graduation","Delivery","No apparent problems","school classroom",0,0.335796756029846,"unadjusted data",0,0,13.8292705720853,144,5,TRUE
"201",1.1239300966524,0.501923076923077,"2570","205","Non-random, non-matched","graduation","Delivery","No apparent problems","school classroom",0,0.335796756029846,"unadjusted data",1,1,13.656436809241,144,5,TRUE
"202",1.87180217690159,0.574175824175824,"2570","206","Non-random, non-matched","graduation","Delivery","No apparent problems","school classroom",0,0.335796756029846,"unadjusted data",0,1,14.1189423112137,144,5,TRUE
"203",0.200670695462151,3.51515151515151,"2570","207","Non-random, non-matched","graduation","Delivery","No apparent problems","school classroom",0,0.00173680074826078,"unadjusted data",1,0,14.291242644312,144,5,TRUE
"204",-0.980829253011726,1.61458333333333,"2570","208","Non-random, non-matched","graduation","Delivery","No apparent problems","school classroom",0,0.00173680074826078,"unadjusted data",1,0,13.6987579654212,144,5,TRUE
"205",2.30941105806445,2.17977821265492,"2570","209","Non-random, non-matched","graduation","Delivery","No apparent problems","school classroom",0,0.00173680074826078,"unadjusted data",0,0,14.1075594384416,144,5,TRUE
"206",1.30625165344635,1.19230769230769,"2570","210","Non-random, non-matched","graduation","Delivery","No apparent problems","school classroom",0,0.00173680074826078,"unadjusted data",1,0,13.3077871455103,144,5,TRUE
"207",3.16990382598602,2.11980926874544,"2570","211","Non-random, non-matched","graduation","Delivery","No apparent problems","school classroom",0,0.00173680074826078,"unadjusted data",0,0,13.7469181592874,144,5,TRUE
"208",1.988927534139,2.21603238866397,"2570","212","Non-random, non-matched","graduation","Delivery","No apparent problems","school classroom",0,0.00173680074826078,"unadjusted data",1,1,13.5878402553007,144,5,TRUE
"209",1.89775269607434,2.20747964355199,"2570","213","Non-random, non-matched","graduation","Delivery","No apparent problems","school classroom",0,0.00173680074826078,"unadjusted data",0,1,14.068561752199,144,5,TRUE
"210",-0.232110223292976,0.0181168334142386,"2571","214","Randomized","enrolled","Delivery","Clear problems","school classroom",0.192592592592593,0.130588994140631,"unadjusted data",0.189094697499047,0.316502038086219,16.9633370143907,72,35,TRUE
"211",-0.278645150071629,0.0149694206759424,"2571","214","Randomized","dropout","Delivery","Clear problems","school classroom",0.192592592592593,0.128750647045114,"unadjusted data",0.189281852241528,0.315353317729973,16.9617269701977,72,35,TRUE
"212",-0.283204792517289,0.0302724913667876,"2571","214","Randomized","graduation","Delivery","Clear problems","school classroom",0.192592592592593,0.128570519858357,"unadjusted data",0.189300190267755,0.315240762398803,16.9615692128669,72,35,TRUE
"213",1.65704762166173,0.289383902941706,"2577","215","Randomized","enrolled","Indirect, influential","No apparent problems","school, outside of classroom",0.859223300970874,0.0517976132270871,"unadjusted data",0.84,0.24,14.5,175.4,1,FALSE
"214",3.10906095886099,1.40535714285714,"2577","215","Randomized","dropout","Indirect, influential","No apparent problems","school, outside of classroom",0.859223300970874,0.0517976132270871,"unadjusted data",0.84,0.24,14.5,175.4,1,FALSE
"215",-0.888891757686041,21.9582422422422,"2581","216","Non-random, non-matched","dropout","Indirect, influential","Possible problems","school, outside of classroom",0.352173913043478,0.0299565997380221,"unadjusted data",0.71,0.29,12.9,90.7,1.5,FALSE
"216",0.834460713626523,8.81695850787231,"2581","217","Non-random, non-matched","dropout","Indirect, influential","No apparent problems","school, outside of classroom",0.295546558704453,0.0299565997380221,"unadjusted data",0.71,0.29,12.9,90.7,1.5,FALSE
"217",1.08381090836585,0.0600129910474738,"2607","218","Non-random, non-matched","graduation","Delivery","No apparent problems","school classroom",0.4,-0.152355331599117,"unadjusted data",0.574,0.496,15.7779000595231,194.7,35,FALSE
"218",2.5169949643395,1.11309433002797,"2626","219","Matched","dropout","Delivery","No apparent problems","school classroom",0.119740521963355,0.359439314219451,"unadjusted data",0.58,0,16.5062022166982,108,33.75,TRUE
"219",1.25085450352311,0.104533607115176,"2626","220","Matched","dropout","Delivery","No apparent problems","school classroom",0.182308176703765,0.347868665491674,"unadjusted data",0.48,0.03,17.4193331156273,144,33.75,TRUE
"220",0.916290731874155,0.0906354515050167,"2626","221","Matched","dropout","Delivery","Clear problems","school classroom",0.136672647711946,0.0846127833727541,"unadjusted data",0.47,0.18,16.2414075628138,36,33.75,TRUE
"221",0.389549652802265,0.23683272352003,"2626","222","Matched","dropout","Delivery","Clear problems","school classroom",0.0541317223695192,0.326680696963636,"unadjusted data",0.56,0.16,16.3584774820394,36,33.75,TRUE
"222",2.21249204946701,0.252382802382802,"2626","223","Matched","dropout","Delivery","Possible problems","school classroom",0.118042150128346,-0.961549431978808,"unadjusted data",0.49,0,16.2890117289385,108,33.75,TRUE
"223",1.72196370729251,0.606617481160597,"2626","224","Matched","dropout","Delivery","Possible problems","school classroom",0.210394160457739,0.241698967533854,"unadjusted data",0.48,0.38,16.4892275400396,108,33.75,TRUE
"224",2.79902197930794,2.10453893932155,"2626","225","Matched","dropout","Delivery","No apparent problems","school classroom",0.109036984814498,0.181755268599339,"unadjusted data",0.36,0,17.7197263458686,154.8,40,TRUE
"225",0.548946831585855,0.126726386924407,"2641","226","Non-random, non-matched","dropout","Delivery","No apparent problems","mixed",0.0575372310086935,-0.109954343684144,"unadjusted data",0.5541,0.455079366100744,17.39,19.4,27.5,FALSE
"226",0.547567981782828,0.0866084663751355,"2643","231","Randomized","graduation/ged","Delivery","No apparent problems","school, outside of classroom",0.188197767145136,0.171250352969948,"adjusted data",1,0.53,17.7703120947429,21.5,13,TRUE
"227",0.788552881992031,0.0546779563786442,"2643","232","Randomized","graduation/ged","Delivery","No apparent problems","school, outside of classroom",0.188006482982172,0.0861777385686993,"adjusted data",0,0.53,18.3230776002334,21.5,13,TRUE
"228",1.10842065976663,0.301268473728902,"2643","233","Randomized","graduation/ged","Delivery","No apparent problems","community",0.189373297002725,0.177737066100442,"adjusted data",1,0.53,17.7100545438124,8.6,14,TRUE
"229",0.592605951338068,0.425975473801561,"2643","234","Randomized","graduation/ged","Delivery","No apparent problems","community",0.188679245283019,0.0855606472209635,"adjusted data",0,0.53,18.3473082946527,8.6,14,TRUE
"230",0.54266622962165,0.0724283559577677,"2643","235","Randomized","graduation/ged","Delivery","No apparent problems","school, outside of classroom",0.188965517241379,0.196003297191175,"adjusted data",1,0.53,17.9006086710902,12.9,2,TRUE
"231",0.442475219374701,0.0578015903587623,"2643","236","Randomized","graduation/ged","Delivery","No apparent problems","school, outside of classroom",0.188769414575866,0.107501086283294,"adjusted data",0,0.53,18.4897817064816,12.9,2,TRUE
"232",0.0715471512920481,0.145509073194495,"2656","237","Matched","dropout","Delivery","No apparent problems","school classroom",0.213333333333333,0.0112402313248148,"unadjusted data",0.732585442289981,0.55,15,38.7,33.75,FALSE
"233",1.68426505038653,2.31879436370797,"2660","238","Non-random, non-matched","dropout","Delivery","No apparent problems","community",0,0.118104584126387,"unadjusted data",0.6,0.55,16.7,13.8,11.3350856186428,FALSE
"234",0.738609554636703,0.795478036175711,"2666","239","Randomized","dropout","Independent","Possible problems","school classroom",0.0208333333333333,0.00958955971812677,"unadjusted data",0.625,0.042,16.0738237807104,36,35,FALSE
"235",1.6094379124341,1.3625,"2670","240","Randomized","dropout","Independent","No apparent problems","community",0.145833333333333,0.176805698129002,"unadjusted data",1,0.386656978752899,13.83,0.71,24.7953672854965,FALSE
"236",0.6045937832185,1.30398618957941,"2680","241","Randomized","dropout","Delivery","No apparent problems","school classroom",0.108431767989068,0.148847813368584,"unadjusted data",0.508046002114518,0.327188041677283,14.3427891219114,38.7,22.5,FALSE
"237",-0.439366659783846,0.901149425287356,"2680","242","Randomized","dropout","Delivery","No apparent problems","school classroom",0.103698064180027,0.118279529535477,"unadjusted data",0.503410061546675,0.331187070416784,14.3231615935116,38.7,16.88,FALSE
"238",1.6094379124341,2.44597701149425,"2685","243","Randomized","dropout","Indirect, influential","No apparent problems","mixed",0,0.298306957537811,"unadjusted data",0.306389871137884,0.426779331023218,15.4280856339534,19.35,5,FALSE
"239",0.282566971785011,0.189638932496075,"2739","244","Non-random, non-matched","graduation","Planning","No apparent problems","community",0.204968944099379,-0.301830183519752,"unadjusted data",0.45,-0.0904252405420566,11.1508982195447,338,33.266430289207,FALSE
"240",2.05127584255921,0.0261390936746104,"2740","245","Matched","graduation","Delivery","Possible problems","school classroom",0,0,"unadjusted data",0.50696718287681,0.252278736665141,15.4071002270386,77.4,35,FALSE
"241",0.723099502843297,0.493420469649978,"2755","246","Randomized","dropout","Delivery","Possible problems","school, outside of classroom",0,0.114164082792053,"unadjusted data",0.51,0.01,14.5,8,40,FALSE
"242",0.21772348384487,0.44876615746181,"2755","247","Randomized","dropout","Delivery","No apparent problems","community",0,0.827766897999515,"unadjusted data",0.57,0.1,14.5,6,32,FALSE
"243",-1.09861228866811,1.47466666666667,"2758","248","Matched","dropout","Delivery","No apparent problems","school, outside of classroom",-1,-0.387115951016714,"unadjusted data",0,0,13.5181331434227,194.7,0.5,TRUE
"244",0.762140052046897,2.87060317460318,"2758","249","Matched","dropout","Delivery","No apparent problems","school, outside of classroom",0,-0.387115951016714,"unadjusted data",1,0,13.0114192135589,194.7,0.5,TRUE
"245",-0.253915209980963,3.20491544477028,"2758","250","Matched","dropout","Delivery","No apparent problems","school, outside of classroom",0,-0.387115951016714,"unadjusted data",0,0,13.1696891941509,194.7,0.5,TRUE
"246",0.829279354884525,2.58536868686869,"2758","251","Matched","dropout","Delivery","No apparent problems","school, outside of classroom",0,-0.387115951016714,"unadjusted data",1,0,12.6678434418409,194.7,0.5,TRUE
"247",0.663294217410264,0.286170528817588,"2781","252","Randomized","dropout","Independent","Clear problems","school, outside of classroom",0.00632911392405063,-0.0385168584009897,"unadjusted data",0.51,0.8,16.7378354610705,38.7,0.19,FALSE
"248",-0.298981627705715,1.54153898535921,"2797","253","Non-random, non-matched","dropout","Delivery","No apparent problems","school classroom",0,0.187293653564602,"unadjusted data",0.56,0.5,15.0533013752807,36,4.58,TRUE
"249",-0.298981627705715,1.54153898535921,"2797","253","Non-random, non-matched","dropout","Delivery","No apparent problems","school classroom",0,0.187293653564602,"unadjusted data",0.56,0.5,15.0533013752807,36,4.58,TRUE
"250",-0.293347809987458,1.01983821263482,"2797","254","Non-random, non-matched","dropout","Delivery","No apparent problems","school classroom",0,0.271323541107115,"unadjusted data",0.39,0.34,16.0289901546713,36,4.58,TRUE
"251",0.819779831493311,0.22448644,"2804","255","Randomized","graduation","Delivery","No apparent problems","mixed",0.130468656395861,0.180881803799468,"adjusted data",0.35,0,16.2,38.7,6.57566692712781,FALSE
"252",0.49429632181478,0.05692996,"2804","255","Randomized","dropout","Delivery","No apparent problems","mixed",0.126767171680293,0.180881803799468,"adjusted data",0.35,0,16.2,38.7,6.50595001311568,FALSE
"253",1.87877084621768,1.25378787878788,"2805","256","Randomized","dropout","Indirect, influential","No apparent problems","school, outside of classroom",0.65359477124183,0.092600917354888,"unadjusted data",0.64,0.88,14.6,5,1,FALSE
"254",1.26566637333128,1.5011655011655,"2806","257","Non-random, non-matched","dropout","Independent","Possible problems","school, outside of classroom",0.151701087697122,0.665641072874051,"unadjusted data",0.5,0.293170817459549,16.366287590709,3.5,2,FALSE
"255",1.01856958099457,0.632478632478632,"2810","258","Randomized","dropout","Delivery","Possible problems","school classroom",0,0.136271297059561,"unadjusted data",0.81,0.38,14,38.7,4.17,FALSE
"256",2.80114062416822,2.22655826558266,"2851","259","Non-random, non-matched","graduation","Planning","No apparent problems","community",0.0282743342488175,0.919447840887598,"unadjusted data",1,0.65408863600053,13.3616049768696,43.7,0.79,FALSE
"257",2.54770755102703,1.27729468599034,"2851","260","Non-random, non-matched","graduation","Planning","No apparent problems","community",-0.00754319411638988,0.919447840887598,"unadjusted data",0,0.494206953507449,13.4185525389666,43.7,0.79,FALSE
"258",-0.0735188952878547,0.0233724618436455,"2956","261","Randomized","graduation/ged","Delivery","Possible problems","community",0.469929245283019,0.0955985380081493,"unadjusted data",0.41,0.34,14.44,104,-20.0739265918689,FALSE
"259",0.186801860028112,0.014966646262148,"2956","261","Randomized","dropout","Delivery","Possible problems","community",0.365554359526372,0.0955985380081493,"unadjusted data",0.41,0.34,14.44,104,-19.0417890138424,FALSE
"260",0.592117759256681,0.00929352654017092,"2972","262","Randomized","graduation/ged","Delivery","Possible problems","mixed",0.16010385114669,0.0792002741005314,"adjusted data",0.536,0.089,16.4400061428524,208,3.8,FALSE
"261",0.812346962390274,0.0106169102793545,"2972","262","Randomized","graduation/ged","Delivery","Possible problems","mixed",0.16010385114669,0.0819063815001529,"adjusted data",0.536,0.089,16.4236493278135,208,3.8,FALSE
"262",1.57455065343366,0.287912087912088,"3147","263","Non-random, non-matched","dropout","Delivery","No apparent problems","school, outside of classroom",0.0387190989684332,-0.0186954011514121,"unadjusted data",1,0,13.2846282669463,38.7,3,TRUE
"263",2.7545702167371,1.17186147186147,"3147","264","Non-random, non-matched","dropout","Delivery","No apparent problems","school, outside of classroom",0.027347921217086,-0.0186954011514121,"unadjusted data",0,0,13.7374357653561,38.7,3,TRUE
"264",1.59343757108766,0.210838026967059,"3147","265","Non-random, non-matched","dropout","Delivery","No apparent problems","school, outside of classroom",0.0597623580807211,-0.0186954011514121,"unadjusted data",1,1,13.2371918040772,38.7,3,TRUE
"265",1.92300165825844,0.613516803617234,"3147","266","Non-random, non-matched","dropout","Delivery","No apparent problems","school, outside of classroom",0.0452904486085462,-0.0186954011514121,"unadjusted data",0,1,13.7079636730755,38.7,3,TRUE
"266",-0.762140052046896,0.438095238095238,"3157","267","Non-random, non-matched","graduation/ged","Indirect, influential","No apparent problems","school, outside of classroom",-0.0326607763414083,0.218073959928383,"unadjusted data",0.65,0.4,17,7.88278171549393,4,FALSE
"267",0.271015019966569,0.1822425940073,"3169","268","Matched","dropout","Delivery","No apparent problems","school, outside of classroom",0,-0.0119384026165865,"unadjusted data",0.28,0.11,14.1942047443145,77.4,0.57,FALSE
"268",1.45343366395752,0.371933621933622,"3171","269","Randomized","dropout","Delivery","No apparent problems","school, outside of classroom",-0.0315789473684211,0.212234019386695,"unadjusted data",-0.117816656716109,0.326523268313099,16.4,77.4,2.5,FALSE
"269",0.356140041545663,0.298291706090781,"3172","270","Non-random, non-matched","dropout","Planning","No apparent problems","school classroom",-0.038156202741548,0,"unadjusted data",0.61,0.22,14.8217536167023,77.4,33.75,FALSE
"270",0.893533744751539,0.21498294970162,"3173","271","Non-random, non-matched","dropout","Planning","No apparent problems","school classroom",0,-0.699704580713969,"unadjusted data",0.66,0.158436963130839,15.7430614465665,1.5,35,FALSE
"271",1.85238409104449,0.850490196078431,"3176","272","Randomized","dropout","Planning","Clear problems","school, outside of classroom",0.18415922234148,0.137083072896178,"unadjusted data",1,0.66,16.7211703306072,21,0.5,FALSE
"272",0.44183275227904,0.753968253968254,"3176","273","Randomized","dropout","Planning","Clear problems","school, outside of classroom",0.159826491502313,0.137083072896178,"unadjusted data",0,0.66,17.2197631678735,21,0.5,FALSE
"273",-0.123613955967177,0.0963552291581667,"3195","274","Randomized","dropout","Delivery","Clear problems","community",0,-0.0328678735085582,"unadjusted data",0.41,0.311787807628296,19.281447071973,38.7,1,FALSE
"274",2.28423595432585,0.743686868686869,"3232","275","Non-random, non-matched","dropout","Delivery","No apparent problems","school classroom",0,0.953133659508738,"unadjusted data",0.75,0.45,14.5,38.7,33.75,FALSE
"275",0.541916210836022,0.111699703804967,"3234","276","Matched","graduation","Planning","No apparent problems","school classroom",0,-0.644095289750596,"unadjusted data",0.4,0.01,15.2875126852461,38.7,3.75,FALSE
"276",-0.69975222438787,0.100939175131349,"3275","277","Matched","dropout","Delivery","Clear problems","school, outside of classroom",0,0.185399808699304,"unadjusted data",0.6,0.44,19.0882658744918,38.7,33.7252851640842,FALSE
"277",-0.049775871494191,0.112583229578303,"3292","278","Non-random, non-matched","dropout","Indirect, influential","No apparent problems","school classroom",0,0.221319072719085,"unadjusted data",0.56,0.04,14.8434272861629,38.7,35,FALSE
"278",0.894155950449986,0.0524995095802423,"3597","279","Matched","dropout","Planning","Clear problems","school, outside of classroom",0.250830564784053,0.0888422775905952,"unadjusted data",0.273137257437775,0.0839564972518776,18.7294734948693,8,32,FALSE
"279",0.158056934794324,0.0161042576521335,"3603","281","Randomized","enrolled","Delivery","Possible problems","school, outside of classroom",0.177540777917189,0.158363276724834,"adjusted data",0.53,0.11,14.5,64.5,8.98,TRUE
"280",0.323653309333639,0.152068224498357,"3603","281","Randomized","graduation","Delivery","Possible problems","school, outside of classroom",0.109726031957659,0.153784912550347,"adjusted data",0.53,0.11,14.5,64.5,8.98,TRUE
"281",0.204794412646013,0.132387773516806,"3603","281","Randomized","dropout","Delivery","Possible problems","school, outside of classroom",0.804893350062735,0.234302910437541,"adjusted data",0.53,0.11,14.5,64.5,8.98,TRUE
"282",0.273314359082769,0.033218451309293,"3603","282","Randomized","enrolled","Delivery","Possible problems","school, outside of classroom",0.218960244648318,-0.0444355502388755,"adjusted data",0.424,0.16,14.5,64.5,6.12,TRUE
"283",-0.190318667181167,0.013620914925917,"3603","282","Randomized","graduation","Delivery","Possible problems","school, outside of classroom",0.173785647406033,-0.0444355502388755,"adjusted data",0.424,0.16,14.5,64.5,6.12,TRUE
"284",-0.0857743271952594,0.0170254871592029,"3603","282","Randomized","dropout","Delivery","Possible problems","school, outside of classroom",0.274617737003058,-0.0444355502388755,"adjusted data",0.424,0.16,14.5,64.5,6.12,TRUE
"285",0.0638717658415538,0.0145943680766945,"3603","283","Randomized","enrolled","Delivery","Possible problems","school, outside of classroom",0.153362664990572,0.0470536057513061,"adjusted data",0.45,0.11,14,64.5,6.31,TRUE
"286",0.0440071007288327,0.0322658747478941,"3603","283","Randomized","graduation","Delivery","Possible problems","school, outside of classroom",0.176362352987206,0.0470536057513061,"adjusted data",0.45,0.11,14,64.5,6.31,TRUE
"287",-2.51475961293768,1.6405126499436,"3650","284","Randomized","graduation","Planning","Clear problems","school classroom",0.453333333333333,1.04796858681281,"unadjusted data",1,0.190392280958657,15.97,38.7,35,TRUE
"288",0.793777136990079,0.249268590414889,"3650","284","Randomized","enrolled","Planning","Clear problems","school classroom",0,1.04796858681281,"unadjusted data",1,0.204256795338731,15.97,38.7,35,TRUE
"289",-1.44193479318772,0.643991895615129,"3650","285","Randomized","enrolled","Planning","Clear problems","school classroom",0,1.04796858681281,"unadjusted data",0,0.168606506500352,15.97,38.7,35,TRUE
"290",-1.23518782367386,2.61993311422476,"3650","285","Randomized","graduation","Planning","Clear problems","school classroom",0.470588235294118,1.04796858681281,"unadjusted data",0,0.209124286252053,15.97,38.7,35,TRUE
"291",-0.309188277672745,1.09452674934905,"3651","286","Non-random, non-matched","dropout","Planning","Clear problems","school classroom",0,0.5553626328943,"adjusted data",0.65,0.19,13.54,36.98,1,TRUE
"292",-0.538996500732688,0.298703125528819,"3651","287","Non-random, non-matched","dropout","Planning","No apparent problems","school classroom",0,0.101318147032473,"adjusted data",0.59,0.21,13.36,33.54,10,TRUE
"293",0.428995605518359,0.645507040025312,"3651","288","Non-random, non-matched","dropout","Planning","Clear problems","school classroom",0,-0.911941153435008,"adjusted data",0.38,0,16.52,15.48,5,TRUE
"294",0.66360550145947,0.200816885766229,"3651","289","Non-random, non-matched","dropout","Planning","Clear problems","school classroom",0,-0.0881133260270524,"adjusted data",0.4,0.19,15.09,34.83,10,TRUE
"295",0.292771141959252,12.1878919223483,"3657","290","Non-random, non-matched","enrolled","Delivery","No apparent problems","school classroom",-0.405030355594102,-0.198203982109902,"unadjusted data",0.408935549435646,0.261949509585978,13.7814378915993,108,35,FALSE
"296",-0.526232180500704,6.63271981149547,"3657","291","Non-random, non-matched","enrolled","Delivery","No apparent problems","school classroom",0.127612761276128,-0.237021928131594,"unadjusted data",0.32568321023863,0.226986463380342,16.8751844369044,72,35,FALSE
"297",0.988709514437032,0.313025946210381,"3661","292","Randomized","dropout","Delivery","Clear problems","school classroom",0,0.118886559421733,"unadjusted data",0.423909145851483,0.53940971423157,17,38.7,5,TRUE
"298",0.802346472524937,0.433365341040536,"3661","293","Randomized","dropout","Delivery","Possible problems","school classroom",0,-0.399097179458449,"unadjusted data",0.45,0.86,17.04,19.3,5,TRUE
"299",1.09330723643842,0.819104237439657,"3661","294","Randomized","dropout","Delivery","Possible problems","school classroom",0,0.1683591429612,"unadjusted data",0.63,0.92,16.07,19.3,5,TRUE
"300",0.243278459723265,0.206479813052537,"3695","295","Matched","enrolled","Delivery","No apparent problems","community",0.00921658986175115,0.130217088637507,"unadjusted data",0.53,0.07,13.8753452019922,198,4,FALSE
"301",1.88167360587565,2.23224765348122,"3695","295","Matched","dropout","Delivery","No apparent problems","community",0.0506912442396313,0.130217088637507,"unadjusted data",0.53,0.07,13.8572921643173,198,4,FALSE
"302",2.63054663994735,2.18041845160489,"3724","296","Matched","graduation/ged","Delivery","No apparent problems","school, outside of classroom",0.755274261603376,0.724876794030212,"unadjusted data",0.37,0.8421,10.9097371765204,364,-2.19102991777607,FALSE
"303",0.680877087968131,0.0515225428246029,"3733","297","Non-random, non-matched","graduation","Delivery","No apparent problems","school classroom",0,0.220108076573785,"adjusted data",0.636,0,16.0787181155817,144,35,TRUE
"304",1.21502264051252,0.042153822332138,"3733","297","Non-random, non-matched","graduation","Delivery","No apparent problems","school classroom",0,0.220108076573785,"adjusted data",0.636,0,16.0834248766695,144,35,TRUE
"305",-1.65068087096815,0.701547211699222,"3733","297","Non-random, non-matched","graduation","Delivery","No apparent problems","school classroom",0,0.220108076573785,"adjusted data",0.636,0,16.0581729922108,144,35,TRUE
"306",0.63080404998581,0.093327425397244,"3733","297","Non-random, non-matched","graduation","Delivery","No apparent problems","school classroom",0,0.220108076573785,"adjusted data",0.636,0,16.0782768841129,144,35,TRUE
"307",0.975426754728378,0.0296782580634694,"3733","297","Non-random, non-matched","dropout","Delivery","No apparent problems","school classroom",0,0.220108076573785,"adjusted data",0.636,0,16.0813136158219,144,35,TRUE
"308",0.10648348040245,0.10591473775392,"3733","298","Non-random, non-matched","graduation","Delivery","No apparent problems","school classroom",0,0.0122761271680803,"adjusted data",0.386,0,16.4066671188568,144,35,TRUE
"309",1.23403582944467,0.0617525785729812,"3733","298","Non-random, non-matched","graduation","Delivery","No apparent problems","school classroom",0,0.052503797728699,"adjusted data",0.386,0,16.4250764654009,144,35,TRUE
"310",0.357749635068498,0.161147733170262,"3733","298","Non-random, non-matched","graduation","Delivery","No apparent problems","school classroom",0,0.0212405465154615,"adjusted data",0.386,0,16.4107694966488,144,35,TRUE
"311",0.952008814476234,0.1028181674948,"3733","298","Non-random, non-matched","graduation","Delivery","No apparent problems","school classroom",0,0.0424419235665086,"adjusted data",0.386,0,16.4204718605169,144,35,TRUE
"312",1.06460592068291,0.0418814376669333,"3733","298","Non-random, non-matched","dropout","Delivery","No apparent problems","school classroom",0,0.0464590490670754,"adjusted data",0.386,0,16.4223102134322,144,35,TRUE
"313",0.514695348040342,0.0317794951572467,"3746","299","Matched","dropout","Delivery","No apparent problems","school, outside of classroom",0.267326978810754,0.144977211765542,"unadjusted data",0.351146363431226,0.217192638925105,9.78357380422757,156,5,FALSE
"314",1.17785034509875,0.15737384216608,"3783","300","Matched","dropout","Delivery","No apparent problems","school classroom",0.078125,0.287280285540055,"unadjusted data",0.736,0.465596406731043,13.12978498273,36,15,FALSE
"315",0.398157688776378,0.0801927074248503,"3784","301","Randomized","enrolled","Planning","Possible problems","school classroom",0,-0.0400145758091817,"unadjusted data",0.56,0.5,17.0018394229911,26,2,TRUE
"316",0.862755284080915,0.381850419084462,"3784","301","Randomized","graduation","Planning","Possible problems","school classroom",0,-0.0400145758091817,"unadjusted data",0.56,0.5,17.0040208421625,26,2,TRUE
"317",0.844485191833933,0.0924969380901585,"3784","301","Randomized","dropout","Planning","Possible problems","school classroom",0,-0.0400145758091817,"unadjusted data",0.56,0.5,17.0039350588311,26,2,TRUE
"318",0.863624753674632,0.964520431786157,"3790","318","Non-random, non-matched","graduation/ged","Indirect, influential","No apparent problems","school classroom",0.0718085106382979,0.0660750802562969,"unadjusted data",0.506,0.468,7.98528635049826,298.7,35,TRUE
"319",0.420921718216395,0.570421106449914,"3790","318","Non-random, non-matched","dropout","Indirect, influential","No apparent problems","school classroom",0.0558510638297872,0.0660750802562969,"unadjusted data",0.506,0.468,7.96174763356984,298.7,35,TRUE
"320",0.351397886837888,0.598582968527759,"3790","318","Non-random, non-matched","graduation","Indirect, influential","No apparent problems","school classroom",0.0877659574468085,0.0660750802562969,"unadjusted data",0.506,0.468,7.96794732206239,298.7,35,TRUE
"321",0.365279791132251,0.673471682856618,"3790","319","Non-random, non-matched","graduation/ged","Indirect, influential","No apparent problems","school classroom",0.053388090349076,0.0222562423594127,"unadjusted data",0.487,0.427,10.4005566508415,90.7,35,TRUE
"322",0.226313126075489,0.529762279620583,"3790","319","Non-random, non-matched","graduation","Indirect, influential","No apparent problems","school classroom",0.0698151950718686,0.0222562423594127,"unadjusted data",0.487,0.427,10.3993148627309,90.7,35,TRUE
"323",-0.0960926324520743,0.477480532817798,"3790","319","Non-random, non-matched","dropout","Indirect, influential","No apparent problems","school classroom",0.0780287474332649,0.0222562423594127,"unadjusted data",0.487,0.427,10.3878671022196,90.7,35,TRUE
"324",0.178289293266016,0.333709326667073,"3804","321","Matched","dropout","Indirect, influential","No apparent problems","community",0.403908794788274,0.279423998971796,"unadjusted data",0.613364752196296,-0.00898867211283531,11.137178305899,156,1,FALSE
"325",1.01237761074665,0.0401386053559967,"3812","322","Matched","graduation","Delivery","No apparent problems","mixed",0.0188632104827882,0,"unadjusted data",0.153,-0.0617525497809296,17.6157514620723,104,35,FALSE
"326",0.946461609507519,1.12302664088378,"3815","323","Non-random, non-matched","dropout","Delivery","No apparent problems","school classroom",0.11821744884038,0,"unadjusted data",0.553141490629854,0,14.6837933027493,38.7,15,FALSE
"327",0.401795379219202,1.01767719758269,"3820","324","Non-random, non-matched","dropout","Delivery","No apparent problems","school classroom",0.123065758278409,0.00530396580835415,"adjusted data",0.683664709417011,0.022,14.8811324335279,154.8,33.75,TRUE
"328",0.0794909835216097,0.392300290077525,"3820","325","Non-random, non-matched","dropout","Delivery","No apparent problems","school classroom",0.115960886611418,0.00339269101801778,"adjusted data",0.690733381596776,0.022,14.9144250805959,154.8,33.75,TRUE
"329",0.151580586170176,4.605771682395,"3820","326","Non-random, non-matched","dropout","Delivery","No apparent problems","school classroom",0.116841727384859,0.00502675421104984,"adjusted data",0.690019703915282,0.022,14.911699049031,154.8,33.75,TRUE
"330",0.0854351371457135,0.0259472552055788,"3824","330","Randomized","graduation","Delivery","Possible problems","community",0.902856354353526,0.0149935910224684,"unadjusted data",0.499,0.103,17.09,81.7,1.32617348274468,FALSE
"331",0.0653119694906262,0.0278628459989872,"3824","330","Randomized","dropout","Delivery","Possible problems","community",0.656961501310887,0.0149935910224684,"unadjusted data",0.499,0.103,17.09,81.7,1.51252870071205,FALSE
"332",-2.52,2.16164132788605,"3835","331","Matched","dropout","Planning","No apparent problems","school classroom",0.498447204968944,0,"unadjusted data",0.53,0.0716279429348312,10.8971021409484,38.7,35,FALSE
"333",1.4602133509429,0.0427319914897555,"3835","331","Matched","enrolled","Planning","No apparent problems","school classroom",0,0,"unadjusted data",0.53,0.0896024045150589,10.8615449922326,38.7,35,FALSE
"334",1.20347719916733,0.0181511154814838,"3836","332","Randomized","graduation/ged","Delivery","Possible problems","community",0.451301607337834,0.0669674904625865,"adjusted data",0.877,0.43,16.7,74,23.5643441739941,FALSE
"335",0.370407496351437,0.0238519643425468,"3836","332","Randomized","graduation","Delivery","Possible problems","community",0.439711505072752,0.0669674904625865,"adjusted data",0.877,0.43,16.7,74,24.4371872199406,FALSE
"336",0.531659710668833,0.113800615183355,"3840","333","Randomized","graduation/ged","Delivery","Possible problems","community",0.323488045007032,-0.135468340605268,"unadjusted data",0.29,0,15.8427293833329,81,4.6,TRUE
"337",-0.0840831172105418,0.0135682368208681,"3840","333","Randomized","graduation","Delivery","Possible problems","community",0.123066104078762,-0.135468340605268,"unadjusted data",0.29,0,15.841453111412,81,4.6,TRUE
"338",0,0.0880028834208788,"3840","333","Randomized","dropout","Delivery","Possible problems","community",0.323488045007032,-0.135468340605268,"unadjusted data",0.29,0,15.9063661712728,81,4.6,TRUE
"339",-0.204794412646013,0.089800906553153,"3840","334","Randomized","graduation/ged","Delivery","Possible problems","community",0.193493150684932,-0.135468340605268,"unadjusted data",0.29,1,15.8761507151914,81,4.6,TRUE
"340",0.296265816143173,0.0333370750621016,"3840","334","Randomized","graduation","Delivery","Possible problems","community",0.121575342465753,-0.135468340605268,"unadjusted data",0.29,1,15.7885159347511,81,4.6,TRUE
"341",0.116410351844411,0.100102843546819,"3840","334","Randomized","dropout","Delivery","Possible problems","community",0.193493150684932,-0.135468340605268,"unadjusted data",0.29,1,15.8377042445017,81,4.6,TRUE
"342",-0.128712106188573,0.124978552766533,"3840","335","Randomized","graduation/ged","Delivery","Possible problems","community",0.319672131147541,-0.135468340605268,"unadjusted data",0.29,0,15.3845589359826,81,4.6,TRUE
"343",-0.663294217410264,0.0317106714673487,"3840","335","Randomized","graduation","Delivery","Possible problems","community",0.121311475409836,-0.135468340605268,"unadjusted data",0.29,0,15.3723179863688,81,4.6,TRUE
"344",-0.144342308728739,0.139432547688122,"3840","335","Randomized","dropout","Delivery","Possible problems","community",0.319672131147541,-0.135468340605268,"unadjusted data",0.29,0,15.3864297865747,81,4.6,TRUE
"345",0.451985123743057,0.831168831168831,"3842","336","Matched","enrolled","Planning","Possible problems","school classroom",0.151515151515152,0.038882248217288,"unadjusted data",0.56,0.03,14.35,19.3,35,FALSE
"346",0.648411286718554,0.351552287581699,"3855","337","Non-random, non-matched","dropout","Delivery","Possible problems","school, outside of classroom",0.241610738255034,0.529061062386486,"unadjusted data",0.357,0.392392654274541,15.8,37.6,0.19,FALSE
"347",3.15053209329369,1.38351528479692,"3857","338","Non-random, non-matched","enrolled","Delivery","No apparent problems","community",0.473684210526316,0.0909883170621311,"unadjusted data",0.476,0.667,17,34.4,13.5490867336419,FALSE
"348",0.912392273814908,0.774549122827558,"3857","338","Non-random, non-matched","dropout","Delivery","No apparent problems","community",0.473684210526316,0.0909883170621311,"unadjusted data",0.476,0.667,17,34.4,13.2867127392286,FALSE
"349",2.67612864223245,0.00229071001180457,"3858","339","Non-random, non-matched","graduation/ged","Delivery","No apparent problems","mixed",0,0.964666370529684,"unadjusted data",0.36,0.73,22.8634795591852,72,2,FALSE
"350",0.891507612835314,0.000333212462118169,"3858","340","Non-random, non-matched","graduation/ged","Delivery","No apparent problems","mixed",0,0.285672988389781,"unadjusted data",0.486,0.58,23.3737414737584,72,2,FALSE
"351",1.35215873617821,5.11763496932442,"3861","341","Matched","dropout","Indirect, influential","Possible problems","school classroom",0,0.00863555865349788,"unadjusted data",0.73,-0.00774745266962579,14.5810186579962,38.7,35,FALSE
"352",2.496741107435,1.12605042016807,"3862","342","Matched","dropout","Indirect, influential","No apparent problems","school, outside of classroom",0,0.100959759366051,"unadjusted data",0.5,0.326,12.4626272695691,156,7,FALSE
"353",-0.884998660334787,1.56629621680846,"3864","344","Non-random, non-matched","graduation/ged","Planning","No apparent problems","mixed",-0.213333333333333,0.212884117365232,"unadjusted data",0.240282632657475,0.17,17,32,32,TRUE
"354",2.24001185254143,0.625923519065739,"3864","344","Non-random, non-matched","graduation","Planning","No apparent problems","mixed",-0.213333333333333,0.212884117365232,"unadjusted data",0.199835836872167,0.17,17,32,32,TRUE
"355",2.12175774641459,0.389541536282544,"3864","344","Non-random, non-matched","dropout","Planning","No apparent problems","mixed",-0.213333333333333,0.212884117365232,"unadjusted data",0.201366391621209,0.17,17,32,32,TRUE
"356",-1.27467183126153,2.09684736809611,"3864","345","Non-random, non-matched","graduation/ged","Planning","No apparent problems","mixed",-0.293333333333333,0.404951343061257,"unadjusted data",0.238247410603945,0.17,17,32,32,TRUE
"357",2.20478371345458,0.305009578184718,"3864","345","Non-random, non-matched","graduation","Planning","No apparent problems","mixed",-0.293333333333333,0.404951343061257,"unadjusted data",0.193213057189351,0.17,17,32,32,TRUE
"358",0.895235166210228,0.34465293985875,"3864","345","Non-random, non-matched","dropout","Planning","No apparent problems","mixed",-0.293333333333333,0.404951343061257,"unadjusted data",0.210162453821169,0.17,17,32,32,TRUE
"359",0.601640846905411,0.167812551056344,"3869","346","Matched","graduation","Delivery","Possible problems","mixed",0.83,0.0662574878264763,"unadjusted data",0.39,0.0675,11.7827289663889,260,2,TRUE
"360",0.649653229192824,0.0954987854967999,"3869","347","Matched","graduation","Delivery","Possible problems","mixed",0.713333333333333,0.0563440002389636,"unadjusted data",0.39,0.0675,12.5596426901504,260,2,TRUE
"361",1.29517502136843,0.140165562667453,"3869","348","Matched","graduation","Delivery","Possible problems","mixed",0.786666666666667,0.104746358809015,"unadjusted data",0.39,0.0675,13.3334310627853,260,2,TRUE
"362",0.634629546208927,0.31503172669386,"3869","349","Matched","graduation","Delivery","Possible problems","mixed",0.91,0.11483915633977,"unadjusted data",0.39,0.0675,14.1295544573331,260,2,TRUE
"363",0,0.143566772906079,"3869","350","Matched","enrolled","Delivery","Possible problems","mixed",0.105072463768116,-0.0948042521077972,"unadjusted data",0.39,0.0675,11.7675773803013,260,2,TRUE
"364",1.38629436111989,1.70833333333333,"3869","350","Matched","graduation","Delivery","Possible problems","mixed",0.866666666666667,0.101904538897291,"unadjusted data",0.39,0.0675,11.7707109893216,260,2,TRUE
"365",0.612701815341206,0.23475349785229,"3869","351","Matched","enrolled","Delivery","Possible problems","mixed",0.292792792792793,-0.0258358796180638,"unadjusted data",0.39,0.0675,12.5448818239184,260,2,TRUE
"366",0.363167233307533,0.186667976659155,"3869","351","Matched","graduation","Delivery","Possible problems","mixed",0.423529411764706,-0.0102383727178031,"unadjusted data",0.39,0.0675,12.5515236039996,260,2,TRUE
"367",2.94443897916644,0.266517357222844,"3869","352","Matched","enrolled","Delivery","Possible problems","mixed",0.465909090909091,0.103466789741134,"unadjusted data",0.39,0.0675,13.2950421276161,260,2,TRUE
"368",1.33684608570591,0.0573655218794881,"3869","352","Matched","graduation","Delivery","Possible problems","mixed",0.276497695852535,0.00825373100495137,"unadjusted data",0.39,0.0675,13.314321471012,260,2,TRUE
"369",0.925824243340625,0.12448590844329,"3869","353","Matched","graduation","Delivery","Possible problems","mixed",0.267326732673267,0.00172770491015277,"unadjusted data",0.39,0.0675,14.1000076403162,260,2,TRUE
"370",0.199332902620491,0.287493929968239,"3877","354","Matched","dropout","Delivery","No apparent problems","community",0.160714285714286,0.383351544106409,"unadjusted data",0.61,0.37,14.4580202735686,43,7.5,FALSE
"371",-0.784118958765672,0.712579992471297,"3881","355","Randomized","dropout","Delivery","No apparent problems","school, outside of classroom",0,0.0511917258077592,"unadjusted data",0.693906315978466,0.483530835756711,17,19.3,5,TRUE
"372",0,0.378668141826037,"3881","356","Randomized","dropout","Delivery","No apparent problems","school, outside of classroom",0,-0.374859836102284,"unadjusted data",0.86,0.9,16.68,19.3,5,TRUE
"373",1.26025364022453,2.73160513223357,"3881","357","Randomized","dropout","Delivery","No apparent problems","school, outside of classroom",0.0461538461538462,-0.213650136008903,"unadjusted data",0.69,0.93,16.4,19.3,5,TRUE
"374",-0.660794216108179,0.389654096115593,"3882","358","Matched","dropout","Delivery","Possible problems","school classroom",0,0.346220306564629,"unadjusted data",0.577366090752164,0.456910045829093,14,29.3,5,FALSE
"375",-1.58014711551304,2.70002407687088,"3889","359","Randomized","dropout","Indirect, influential","No apparent problems","school, outside of classroom",0.124137931034483,0.745131995378453,"unadjusted data",0.32,0.07,14.4,19.3,0.5,FALSE
"376",-0.123513710365368,0.0822672172317203,"3894","360","Non-random, non-matched","graduation","Planning","Possible problems","school classroom",0.502962962962963,-0.0509839125804027,"unadjusted data",0.6,0.88,17.5730816055956,90.7,35,FALSE
"377",0.385662480811985,0.639895952484579,"3895","361","Matched","dropout","Delivery","Clear problems","community",0.668135095447871,0.00601398892222166,"adjusted data",0.62,0.77,14.56,48,4,FALSE
"378",-0.952806797866432,6.23076956956414,"3896","362","Matched","dropout","Delivery","Clear problems","mixed",0.0230045245413413,0.228936299297932,"unadjusted data",0.600043110386062,0.430149850442065,17.8400338933732,27,29.7320023101976,FALSE
"379",0.574128416069348,0.335208689405176,"3897","363","Matched","dropout","Delivery","Possible problems","community",0.00810567397178025,0.132757171383665,"unadjusted data",0.58,0.87,17,15,18.2,FALSE
"380",-0.532216813747309,0.309452479248397,"3897","364","Matched","dropout","Delivery","Possible problems","community",0.0611635072364897,-0.456027615480347,"unadjusted data",0.59,0.26629733171142,17,15,18.2,FALSE
"381",-1.5910887737659,0.669191919191919,"3950","365","Non-random, non-matched","dropout","Delivery","No apparent problems","school classroom",0,0.807635891055098,"unadjusted data",0.5,0.705,17,19.35,12.5,FALSE
"382",0.65406214341257,0.0984751566841119,"3951","366","Non-random, non-matched","graduation","Delivery","No apparent problems","mixed",0,-0.0663161572017631,"unadjusted data",0.6,0,12.2,312,5.00685372882982,TRUE
"383",0.336472236621213,0.130026455026455,"3951","366","Non-random, non-matched","dropout","Delivery","No apparent problems","mixed",0.152284263959391,-0.0497062904065829,"unadjusted data",0.6,0,12.2,312,4.43719938776653,TRUE
"384",0.934836895466642,0.289525588131604,"3951","367","Non-random, non-matched","dropout","Delivery","No apparent problems","mixed",0.175438596491228,0.168776293926321,"unadjusted data",1,0,12.2,312,5.33970803388677,TRUE
"385",-0.262364264467491,0.256923076923077,"3951","368","Non-random, non-matched","dropout","Delivery","No apparent problems","mixed",0.120481927710843,-0.0441312010075345,"unadjusted data",0,0,12.2,312,1.63927713917447,TRUE
